SiteId,SiteName,Rainfall24hr,DataSourceAgency,MonitorDate
83,麥寮,2,行政院環保署,2016-11-30
83,麥寮,0,行政院環保署,2016-11-29
83,麥寮,0,行政院環保署,2016-11-28
83,麥寮,20.8,行政院環保署,2016-11-27
83,麥寮,0.6,行政院環保署,2016-11-26
83,麥寮,0,行政院環保署,2016-11-25
83,麥寮,0,行政院環保署,2016-11-24
83,麥寮,22.4,行政院環保署,2016-11-23
83,麥寮,0.6,行政院環保署,2016-11-22
83,麥寮,0,行政院環保署,2016-11-21
83,麥寮,0.2,行政院環保署,2016-11-20
83,麥寮,0,行政院環保署,2016-11-19
83,麥寮,0,行政院環保署,2016-11-18
83,麥寮,0,行政院環保署,2016-11-17
83,麥寮,0,行政院環保署,2016-11-16
83,麥寮,0,行政院環保署,2016-11-15
83,麥寮,0,行政院環保署,2016-11-14
83,麥寮,0,行政院環保署,2016-11-13
83,麥寮,0,行政院環保署,2016-11-12
83,麥寮,0,行政院環保署,2016-11-11
83,麥寮,1.2,行政院環保署,2016-11-10
83,麥寮,0,行政院環保署,2016-11-9
83,麥寮,0,行政院環保署,2016-11-8
83,麥寮,0,行政院環保署,2016-11-7
83,麥寮,0,行政院環保署,2016-11-6
83,麥寮,0,行政院環保署,2016-11-5
83,麥寮,0,行政院環保署,2016-11-4
83,麥寮,0,行政院環保署,2016-11-3
83,麥寮,0,行政院環保署,2016-11-2
83,麥寮,0,行政院環保署,2016-11-1
80,關山,9,行政院環保署,2016-11-30
80,關山,0.2,行政院環保署,2016-11-29
80,關山,1.4,行政院環保署,2016-11-28
80,關山,81.6,行政院環保署,2016-11-27
80,關山,8.6,行政院環保署,2016-11-26
80,關山,0.2,行政院環保署,2016-11-25
80,關山,0,行政院環保署,2016-11-24
80,關山,3.4,行政院環保署,2016-11-23
80,關山,5.6,行政院環保署,2016-11-22
80,關山,4,行政院環保署,2016-11-21
80,關山,30,行政院環保署,2016-11-20
80,關山,0,行政院環保署,2016-11-19
80,關山,0,行政院環保署,2016-11-18
80,關山,0,行政院環保署,2016-11-17
80,關山,1.4,行政院環保署,2016-11-16
80,關山,0,行政院環保署,2016-11-15
80,關山,0,行政院環保署,2016-11-14
80,關山,0,行政院環保署,2016-11-13
80,關山,0,行政院環保署,2016-11-12
80,關山,0,行政院環保署,2016-11-11
80,關山,0,行政院環保署,2016-11-10
80,關山,0,行政院環保署,2016-11-9
80,關山,0.6,行政院環保署,2016-11-8
80,關山,0,行政院環保署,2016-11-7
80,關山,0,行政院環保署,2016-11-6
80,關山,1,行政院環保署,2016-11-5
80,關山,30.2,行政院環保署,2016-11-4
80,關山,0,行政院環保署,2016-11-3
80,關山,0,行政院環保署,2016-11-2
80,關山,0,行政院環保署,2016-11-1
78,馬公,0.4,行政院環保署,2016-11-30
78,馬公,0,行政院環保署,2016-11-29
78,馬公,0,行政院環保署,2016-11-28
78,馬公,3.6,行政院環保署,2016-11-27
78,馬公,12.2,行政院環保署,2016-11-26
78,馬公,0,行政院環保署,2016-11-25
78,馬公,0,行政院環保署,2016-11-24
78,馬公,25.6,行政院環保署,2016-11-23
78,馬公,2.2,行政院環保署,2016-11-22
78,馬公,3.2,行政院環保署,2016-11-21
78,馬公,0,行政院環保署,2016-11-20
78,馬公,0,行政院環保署,2016-11-19
78,馬公,0,行政院環保署,2016-11-18
78,馬公,0,行政院環保署,2016-11-17
78,馬公,0.4,行政院環保署,2016-11-16
78,馬公,0,行政院環保署,2016-11-15
78,馬公,0,行政院環保署,2016-11-14
78,馬公,0,行政院環保署,2016-11-13
78,馬公,0,行政院環保署,2016-11-12
78,馬公,0,行政院環保署,2016-11-11
78,馬公,2.2,行政院環保署,2016-11-10
78,馬公,0,行政院環保署,2016-11-9
78,馬公,0,行政院環保署,2016-11-8
78,馬公,0,行政院環保署,2016-11-7
78,馬公,0,行政院環保署,2016-11-6
78,馬公,0,行政院環保署,2016-11-5
78,馬公,0,行政院環保署,2016-11-4
78,馬公,0,行政院環保署,2016-11-3
78,馬公,0,行政院環保署,2016-11-2
78,馬公,0.2,行政院環保署,2016-11-1
77,金門,0,行政院環保署,2016-11-30
77,金門,0,行政院環保署,2016-11-29
77,金門,0,行政院環保署,2016-11-28
77,金門,14.6,行政院環保署,2016-11-27
77,金門,30.6,行政院環保署,2016-11-26
77,金門,3.2,行政院環保署,2016-11-25
77,金門,0,行政院環保署,2016-11-24
77,金門,18.8,行政院環保署,2016-11-23
77,金門,17,行政院環保署,2016-11-22
77,金門,37.8,行政院環保署,2016-11-21
77,金門,4,行政院環保署,2016-11-20
77,金門,0,行政院環保署,2016-11-19
77,金門,0,行政院環保署,2016-11-18
77,金門,0,行政院環保署,2016-11-17
77,金門,0,行政院環保署,2016-11-16
77,金門,0,行政院環保署,2016-11-15
77,金門,0,行政院環保署,2016-11-14
77,金門,0,行政院環保署,2016-11-13
77,金門,0,行政院環保署,2016-11-12
77,金門,0,行政院環保署,2016-11-11
77,金門,2.8,行政院環保署,2016-11-10
77,金門,0,行政院環保署,2016-11-9
77,金門,0,行政院環保署,2016-11-8
77,金門,0,行政院環保署,2016-11-7
77,金門,0,行政院環保署,2016-11-6
77,金門,0,行政院環保署,2016-11-5
77,金門,0,行政院環保署,2016-11-4
77,金門,0,行政院環保署,2016-11-3
77,金門,0,行政院環保署,2016-11-2
77,金門,0,行政院環保署,2016-11-1
75,馬祖,0.6,行政院環保署,2016-11-30
75,馬祖,0,行政院環保署,2016-11-29
75,馬祖,0,行政院環保署,2016-11-28
75,馬祖,10.6,行政院環保署,2016-11-27
75,馬祖,14.8,行政院環保署,2016-11-26
75,馬祖,0.8,行政院環保署,2016-11-25
75,馬祖,1,行政院環保署,2016-11-24
75,馬祖,25,行政院環保署,2016-11-23
75,馬祖,16,行政院環保署,2016-11-22
75,馬祖,3.6,行政院環保署,2016-11-21
75,馬祖,22,行政院環保署,2016-11-20
75,馬祖,0,行政院環保署,2016-11-19
75,馬祖,0,行政院環保署,2016-11-18
75,馬祖,0,行政院環保署,2016-11-17
75,馬祖,0,行政院環保署,2016-11-16
75,馬祖,0,行政院環保署,2016-11-15
75,馬祖,0,行政院環保署,2016-11-14
75,馬祖,0.8,行政院環保署,2016-11-13
75,馬祖,0,行政院環保署,2016-11-12
75,馬祖,0,行政院環保署,2016-11-11
75,馬祖,2.8,行政院環保署,2016-11-10
75,馬祖,4.2,行政院環保署,2016-11-9
75,馬祖,31.8,行政院環保署,2016-11-8
75,馬祖,0,行政院環保署,2016-11-7
75,馬祖,0,行政院環保署,2016-11-6
75,馬祖,0,行政院環保署,2016-11-5
75,馬祖,0,行政院環保署,2016-11-4
75,馬祖,0,行政院環保署,2016-11-3
75,馬祖,0.2,行政院環保署,2016-11-2
75,馬祖,1.8,行政院環保署,2016-11-1
72,埔里,3.6,行政院環保署,2016-11-30
72,埔里,0,行政院環保署,2016-11-29
72,埔里,0,行政院環保署,2016-11-28
72,埔里,29.6,行政院環保署,2016-11-27
72,埔里,0,行政院環保署,2016-11-26
72,埔里,0,行政院環保署,2016-11-25
72,埔里,0,行政院環保署,2016-11-24
72,埔里,16.4,行政院環保署,2016-11-23
72,埔里,2.2,行政院環保署,2016-11-22
72,埔里,3,行政院環保署,2016-11-21
72,埔里,1.4,行政院環保署,2016-11-20
72,埔里,0,行政院環保署,2016-11-19
72,埔里,0,行政院環保署,2016-11-18
72,埔里,0,行政院環保署,2016-11-17
72,埔里,0,行政院環保署,2016-11-16
72,埔里,0,行政院環保署,2016-11-15
72,埔里,0,行政院環保署,2016-11-14
72,埔里,0,行政院環保署,2016-11-13
72,埔里,0,行政院環保署,2016-11-12
72,埔里,0,行政院環保署,2016-11-11
72,埔里,4.2,行政院環保署,2016-11-10
72,埔里,0,行政院環保署,2016-11-9
72,埔里,0,行政院環保署,2016-11-8
72,埔里,0,行政院環保署,2016-11-7
72,埔里,0,行政院環保署,2016-11-6
72,埔里,0,行政院環保署,2016-11-5
72,埔里,0,行政院環保署,2016-11-4
72,埔里,0,行政院環保署,2016-11-3
72,埔里,0,行政院環保署,2016-11-2
72,埔里,0,行政院環保署,2016-11-1
71,復興,0.4,行政院環保署,2016-11-30
71,復興,0,行政院環保署,2016-11-29
71,復興,0,行政院環保署,2016-11-28
71,復興,47.4,行政院環保署,2016-11-27
71,復興,0.4,行政院環保署,2016-11-26
71,復興,0,行政院環保署,2016-11-25
71,復興,0,行政院環保署,2016-11-24
71,復興,0.2,行政院環保署,2016-11-23
71,復興,1.2,行政院環保署,2016-11-22
71,復興,0,行政院環保署,2016-11-21
71,復興,0,行政院環保署,2016-11-20
71,復興,0,行政院環保署,2016-11-19
71,復興,0.4,行政院環保署,2016-11-18
71,復興,0,行政院環保署,2016-11-17
71,復興,0,行政院環保署,2016-11-16
71,復興,0,行政院環保署,2016-11-15
71,復興,0,行政院環保署,2016-11-14
71,復興,0,行政院環保署,2016-11-13
71,復興,0,行政院環保署,2016-11-12
71,復興,0,行政院環保署,2016-11-11
71,復興,0,行政院環保署,2016-11-10
71,復興,0,行政院環保署,2016-11-9
71,復興,0,行政院環保署,2016-11-8
71,復興,0,行政院環保署,2016-11-7
71,復興,0,行政院環保署,2016-11-6
71,復興,0,行政院環保署,2016-11-5
71,復興,0,行政院環保署,2016-11-4
71,復興,0,行政院環保署,2016-11-3
71,復興,0,行政院環保署,2016-11-2
71,復興,0,行政院環保署,2016-11-1
70,永和,0,行政院環保署,2016-11-30
70,永和,0,行政院環保署,2016-11-29
70,永和,0.8,行政院環保署,2016-11-28
70,永和,10,行政院環保署,2016-11-27
70,永和,3.2,行政院環保署,2016-11-26
70,永和,0,行政院環保署,2016-11-25
70,永和,0.2,行政院環保署,2016-11-24
70,永和,32.2,行政院環保署,2016-11-23
70,永和,20,行政院環保署,2016-11-22
70,永和,19.6,行政院環保署,2016-11-21
70,永和,9.6,行政院環保署,2016-11-20
70,永和,0,行政院環保署,2016-11-19
70,永和,0.8,行政院環保署,2016-11-18
70,永和,0,行政院環保署,2016-11-17
70,永和,0,行政院環保署,2016-11-16
70,永和,0,行政院環保署,2016-11-15
70,永和,0,行政院環保署,2016-11-14
70,永和,0,行政院環保署,2016-11-13
70,永和,0,行政院環保署,2016-11-12
70,永和,0,行政院環保署,2016-11-11
70,永和,8.4,行政院環保署,2016-11-10
70,永和,0,行政院環保署,2016-11-9
70,永和,0.8,行政院環保署,2016-11-8
70,永和,0,行政院環保署,2016-11-7
70,永和,x,行政院環保署,2016-11-6
70,永和,0,行政院環保署,2016-11-5
70,永和,0.6,行政院環保署,2016-11-4
70,永和,0,行政院環保署,2016-11-3
70,永和,0,行政院環保署,2016-11-2
70,永和,2,行政院環保署,2016-11-1
69,竹山,4.4,行政院環保署,2016-11-30
69,竹山,0,行政院環保署,2016-11-29
69,竹山,0,行政院環保署,2016-11-28
69,竹山,46.8,行政院環保署,2016-11-27
69,竹山,0.4,行政院環保署,2016-11-26
69,竹山,0,行政院環保署,2016-11-25
69,竹山,0.2,行政院環保署,2016-11-24
69,竹山,37.2,行政院環保署,2016-11-23
69,竹山,2,行政院環保署,2016-11-22
69,竹山,2.4,行政院環保署,2016-11-21
69,竹山,1.2,行政院環保署,2016-11-20
69,竹山,0,行政院環保署,2016-11-19
69,竹山,0,行政院環保署,2016-11-18
69,竹山,0,行政院環保署,2016-11-17
69,竹山,0,行政院環保署,2016-11-16
69,竹山,0,行政院環保署,2016-11-15
69,竹山,0,行政院環保署,2016-11-14
69,竹山,0,行政院環保署,2016-11-13
69,竹山,0,行政院環保署,2016-11-12
69,竹山,0,行政院環保署,2016-11-11
69,竹山,0.2,行政院環保署,2016-11-10
69,竹山,0,行政院環保署,2016-11-9
69,竹山,0,行政院環保署,2016-11-8
69,竹山,0,行政院環保署,2016-11-7
69,竹山,0,行政院環保署,2016-11-6
69,竹山,0,行政院環保署,2016-11-5
69,竹山,0,行政院環保署,2016-11-4
69,竹山,0,行政院環保署,2016-11-3
69,竹山,0,行政院環保署,2016-11-2
69,竹山,0,行政院環保署,2016-11-1
68,中壢,0,行政院環保署,2016-11-30
68,中壢,0,行政院環保署,2016-11-29
68,中壢,0.2,行政院環保署,2016-11-28
68,中壢,15.4,行政院環保署,2016-11-27
68,中壢,3.2,行政院環保署,2016-11-26
68,中壢,0,行政院環保署,2016-11-25
68,中壢,0.6,行政院環保署,2016-11-24
68,中壢,56.4,行政院環保署,2016-11-23
68,中壢,19.4,行政院環保署,2016-11-22
68,中壢,15.8,行政院環保署,2016-11-21
68,中壢,10.6,行政院環保署,2016-11-20
68,中壢,0,行政院環保署,2016-11-19
68,中壢,1.4,行政院環保署,2016-11-18
68,中壢,0,行政院環保署,2016-11-17
68,中壢,0,行政院環保署,2016-11-16
68,中壢,0,行政院環保署,2016-11-15
68,中壢,0,行政院環保署,2016-11-14
68,中壢,0,行政院環保署,2016-11-13
68,中壢,0,行政院環保署,2016-11-12
68,中壢,0,行政院環保署,2016-11-11
68,中壢,8.6,行政院環保署,2016-11-10
68,中壢,0,行政院環保署,2016-11-9
68,中壢,7.6,行政院環保署,2016-11-8
68,中壢,0,行政院環保署,2016-11-7
68,中壢,0,行政院環保署,2016-11-6
68,中壢,0,行政院環保署,2016-11-5
68,中壢,0,行政院環保署,2016-11-4
68,中壢,0,行政院環保署,2016-11-3
68,中壢,0,行政院環保署,2016-11-2
68,中壢,3.6,行政院環保署,2016-11-1
67,三重,0,行政院環保署,2016-11-30
67,三重,0,行政院環保署,2016-11-29
67,三重,0,行政院環保署,2016-11-28
67,三重,7.8,行政院環保署,2016-11-27
67,三重,2.4,行政院環保署,2016-11-26
67,三重,0,行政院環保署,2016-11-25
67,三重,0,行政院環保署,2016-11-24
67,三重,34.4,行政院環保署,2016-11-23
67,三重,27.6,行政院環保署,2016-11-22
67,三重,13.2,行政院環保署,2016-11-21
67,三重,7.8,行政院環保署,2016-11-20
67,三重,0,行政院環保署,2016-11-19
67,三重,0.6,行政院環保署,2016-11-18
67,三重,0,行政院環保署,2016-11-17
67,三重,0,行政院環保署,2016-11-16
67,三重,0,行政院環保署,2016-11-15
67,三重,0,行政院環保署,2016-11-14
67,三重,0,行政院環保署,2016-11-13
67,三重,0,行政院環保署,2016-11-12
67,三重,0,行政院環保署,2016-11-11
67,三重,5.6,行政院環保署,2016-11-10
67,三重,0,行政院環保署,2016-11-9
67,三重,0.4,行政院環保署,2016-11-8
67,三重,0,行政院環保署,2016-11-7
67,三重,0,行政院環保署,2016-11-6
67,三重,0,行政院環保署,2016-11-5
67,三重,0.2,行政院環保署,2016-11-4
67,三重,0,行政院環保署,2016-11-3
67,三重,0,行政院環保署,2016-11-2
67,三重,2.4,行政院環保署,2016-11-1
66,冬山,4.2,行政院環保署,2016-11-30
66,冬山,7.6,行政院環保署,2016-11-29
66,冬山,0,行政院環保署,2016-11-28
66,冬山,12.2,行政院環保署,2016-11-27
66,冬山,23.2,行政院環保署,2016-11-26
66,冬山,46.8,行政院環保署,2016-11-25
66,冬山,68,行政院環保署,2016-11-24
66,冬山,258.4,行政院環保署,2016-11-23
66,冬山,92.4,行政院環保署,2016-11-22
66,冬山,x,行政院環保署,2016-11-21
66,冬山,0,行政院環保署,2016-11-20
66,冬山,0,行政院環保署,2016-11-19
66,冬山,0,行政院環保署,2016-11-18
66,冬山,0,行政院環保署,2016-11-17
66,冬山,3.6,行政院環保署,2016-11-16
66,冬山,3.4,行政院環保署,2016-11-15
66,冬山,x,行政院環保署,2016-11-14
66,冬山,x,行政院環保署,2016-11-13
66,冬山,x,行政院環保署,2016-11-12
66,冬山,0.4,行政院環保署,2016-11-11
66,冬山,1.2,行政院環保署,2016-11-10
66,冬山,3.2,行政院環保署,2016-11-9
66,冬山,11.8,行政院環保署,2016-11-8
66,冬山,8.4,行政院環保署,2016-11-7
66,冬山,2.2,行政院環保署,2016-11-6
66,冬山,0,行政院環保署,2016-11-5
66,冬山,17,行政院環保署,2016-11-4
66,冬山,13,行政院環保署,2016-11-3
66,冬山,12.2,行政院環保署,2016-11-2
66,冬山,47,行政院環保署,2016-11-1
65,宜蘭,3.2,行政院環保署,2016-11-30
65,宜蘭,9.4,行政院環保署,2016-11-29
65,宜蘭,0,行政院環保署,2016-11-28
65,宜蘭,10.2,行政院環保署,2016-11-27
65,宜蘭,6.8,行政院環保署,2016-11-26
65,宜蘭,46.8,行政院環保署,2016-11-25
65,宜蘭,14.8,行政院環保署,2016-11-24
65,宜蘭,58.2,行政院環保署,2016-11-23
65,宜蘭,62.6,行政院環保署,2016-11-22
65,宜蘭,1,行政院環保署,2016-11-21
65,宜蘭,2.4,行政院環保署,2016-11-20
65,宜蘭,0,行政院環保署,2016-11-19
65,宜蘭,0,行政院環保署,2016-11-18
65,宜蘭,0,行政院環保署,2016-11-17
65,宜蘭,2.8,行政院環保署,2016-11-16
65,宜蘭,0.2,行政院環保署,2016-11-15
65,宜蘭,0,行政院環保署,2016-11-14
65,宜蘭,0,行政院環保署,2016-11-13
65,宜蘭,0,行政院環保署,2016-11-12
65,宜蘭,0,行政院環保署,2016-11-11
65,宜蘭,3,行政院環保署,2016-11-10
65,宜蘭,4.2,行政院環保署,2016-11-9
65,宜蘭,4.2,行政院環保署,2016-11-8
65,宜蘭,5.8,行政院環保署,2016-11-7
65,宜蘭,4.4,行政院環保署,2016-11-6
65,宜蘭,0,行政院環保署,2016-11-5
65,宜蘭,25.2,行政院環保署,2016-11-4
65,宜蘭,8.2,行政院環保署,2016-11-3
65,宜蘭,1.4,行政院環保署,2016-11-2
65,宜蘭,21.8,行政院環保署,2016-11-1
64,陽明,19.8,行政院環保署,2016-11-30
64,陽明,4.6,行政院環保署,2016-11-29
64,陽明,0,行政院環保署,2016-11-28
64,陽明,24.2,行政院環保署,2016-11-27
64,陽明,25.8,行政院環保署,2016-11-26
64,陽明,17.8,行政院環保署,2016-11-25
64,陽明,47,行政院環保署,2016-11-24
64,陽明,79.6,行政院環保署,2016-11-23
64,陽明,55.6,行政院環保署,2016-11-22
64,陽明,11.2,行政院環保署,2016-11-21
64,陽明,19.4,行政院環保署,2016-11-20
64,陽明,0,行政院環保署,2016-11-19
64,陽明,0.2,行政院環保署,2016-11-18
64,陽明,0.2,行政院環保署,2016-11-17
64,陽明,2.2,行政院環保署,2016-11-16
64,陽明,2.4,行政院環保署,2016-11-15
64,陽明,0,行政院環保署,2016-11-14
64,陽明,0,行政院環保署,2016-11-13
64,陽明,0,行政院環保署,2016-11-12
64,陽明,0,行政院環保署,2016-11-11
64,陽明,12.6,行政院環保署,2016-11-10
64,陽明,27.2,行政院環保署,2016-11-9
64,陽明,54.8,行政院環保署,2016-11-8
64,陽明,0,行政院環保署,2016-11-7
64,陽明,0,行政院環保署,2016-11-6
64,陽明,0.2,行政院環保署,2016-11-5
64,陽明,9.2,行政院環保署,2016-11-4
64,陽明,22,行政院環保署,2016-11-3
64,陽明,22.8,行政院環保署,2016-11-2
64,陽明,52.8,行政院環保署,2016-11-1
63,花蓮,3.2,行政院環保署,2016-11-30
63,花蓮,1,行政院環保署,2016-11-29
63,花蓮,0,行政院環保署,2016-11-28
63,花蓮,48,行政院環保署,2016-11-27
63,花蓮,5.6,行政院環保署,2016-11-26
63,花蓮,1,行政院環保署,2016-11-25
63,花蓮,2.4,行政院環保署,2016-11-24
63,花蓮,37.4,行政院環保署,2016-11-23
63,花蓮,35,行政院環保署,2016-11-22
63,花蓮,6.4,行政院環保署,2016-11-21
63,花蓮,10.6,行政院環保署,2016-11-20
63,花蓮,0,行政院環保署,2016-11-19
63,花蓮,0.2,行政院環保署,2016-11-18
63,花蓮,0,行政院環保署,2016-11-17
63,花蓮,0,行政院環保署,2016-11-16
63,花蓮,0.4,行政院環保署,2016-11-15
63,花蓮,0,行政院環保署,2016-11-14
63,花蓮,0,行政院環保署,2016-11-13
63,花蓮,0,行政院環保署,2016-11-12
63,花蓮,5.4,行政院環保署,2016-11-11
63,花蓮,0,行政院環保署,2016-11-10
63,花蓮,0,行政院環保署,2016-11-9
63,花蓮,0,行政院環保署,2016-11-8
63,花蓮,56.6,行政院環保署,2016-11-7
63,花蓮,0,行政院環保署,2016-11-6
63,花蓮,0,行政院環保署,2016-11-5
63,花蓮,0,行政院環保署,2016-11-4
63,花蓮,0,行政院環保署,2016-11-3
63,花蓮,0,行政院環保署,2016-11-2
63,花蓮,0,行政院環保署,2016-11-1
62,臺東,25,行政院環保署,2016-11-30
62,臺東,0.2,行政院環保署,2016-11-29
62,臺東,1,行政院環保署,2016-11-28
62,臺東,98.4,行政院環保署,2016-11-27
62,臺東,13.2,行政院環保署,2016-11-26
62,臺東,0,行政院環保署,2016-11-25
62,臺東,0.4,行政院環保署,2016-11-24
62,臺東,4.6,行政院環保署,2016-11-23
62,臺東,10.8,行政院環保署,2016-11-22
62,臺東,0.8,行政院環保署,2016-11-21
62,臺東,56,行政院環保署,2016-11-20
62,臺東,0,行政院環保署,2016-11-19
62,臺東,0,行政院環保署,2016-11-18
62,臺東,0,行政院環保署,2016-11-17
62,臺東,0.2,行政院環保署,2016-11-16
62,臺東,x,行政院環保署,2016-11-15
62,臺東,x,行政院環保署,2016-11-14
62,臺東,0,行政院環保署,2016-11-13
62,臺東,0,行政院環保署,2016-11-12
62,臺東,0,行政院環保署,2016-11-11
62,臺東,0,行政院環保署,2016-11-10
62,臺東,0,行政院環保署,2016-11-9
62,臺東,0,行政院環保署,2016-11-8
62,臺東,27.4,行政院環保署,2016-11-7
62,臺東,0,行政院環保署,2016-11-6
62,臺東,0,行政院環保署,2016-11-5
62,臺東,0,行政院環保署,2016-11-4
62,臺東,0,行政院環保署,2016-11-3
62,臺東,0,行政院環保署,2016-11-2
62,臺東,0,行政院環保署,2016-11-1
61,恆春,0,行政院環保署,2016-11-30
61,恆春,0.6,行政院環保署,2016-11-29
61,恆春,2.4,行政院環保署,2016-11-28
61,恆春,61.8,行政院環保署,2016-11-27
61,恆春,1,行政院環保署,2016-11-26
61,恆春,4.2,行政院環保署,2016-11-25
61,恆春,0,行政院環保署,2016-11-24
61,恆春,1.8,行政院環保署,2016-11-23
61,恆春,1.2,行政院環保署,2016-11-22
61,恆春,0,行政院環保署,2016-11-21
61,恆春,0,行政院環保署,2016-11-20
61,恆春,0.8,行政院環保署,2016-11-19
61,恆春,0,行政院環保署,2016-11-18
61,恆春,0,行政院環保署,2016-11-17
61,恆春,0,行政院環保署,2016-11-16
61,恆春,0,行政院環保署,2016-11-15
61,恆春,0,行政院環保署,2016-11-14
61,恆春,0,行政院環保署,2016-11-13
61,恆春,0,行政院環保署,2016-11-12
61,恆春,0,行政院環保署,2016-11-11
61,恆春,0,行政院環保署,2016-11-10
61,恆春,0,行政院環保署,2016-11-9
61,恆春,0.2,行政院環保署,2016-11-8
61,恆春,0.2,行政院環保署,2016-11-7
61,恆春,2.8,行政院環保署,2016-11-6
61,恆春,0,行政院環保署,2016-11-5
61,恆春,0,行政院環保署,2016-11-4
61,恆春,0.2,行政院環保署,2016-11-3
61,恆春,0,行政院環保署,2016-11-2
61,恆春,0,行政院環保署,2016-11-1
60,潮州,0,行政院環保署,2016-11-30
60,潮州,0,行政院環保署,2016-11-29
60,潮州,0.4,行政院環保署,2016-11-28
60,潮州,81.8,行政院環保署,2016-11-27
60,潮州,1.4,行政院環保署,2016-11-26
60,潮州,0,行政院環保署,2016-11-25
60,潮州,0,行政院環保署,2016-11-24
60,潮州,0.8,行政院環保署,2016-11-23
60,潮州,0.2,行政院環保署,2016-11-22
60,潮州,0,行政院環保署,2016-11-21
60,潮州,2.8,行政院環保署,2016-11-20
60,潮州,0,行政院環保署,2016-11-19
60,潮州,0,行政院環保署,2016-11-18
60,潮州,0,行政院環保署,2016-11-17
60,潮州,0,行政院環保署,2016-11-16
60,潮州,0,行政院環保署,2016-11-15
60,潮州,0,行政院環保署,2016-11-14
60,潮州,0,行政院環保署,2016-11-13
60,潮州,0,行政院環保署,2016-11-12
60,潮州,0,行政院環保署,2016-11-11
60,潮州,0,行政院環保署,2016-11-10
60,潮州,0,行政院環保署,2016-11-9
60,潮州,0,行政院環保署,2016-11-8
60,潮州,0,行政院環保署,2016-11-7
60,潮州,0,行政院環保署,2016-11-6
60,潮州,0,行政院環保署,2016-11-5
60,潮州,0,行政院環保署,2016-11-4
60,潮州,0,行政院環保署,2016-11-3
60,潮州,0,行政院環保署,2016-11-2
60,潮州,0,行政院環保署,2016-11-1
59,屏東,0,行政院環保署,2016-11-30
59,屏東,0,行政院環保署,2016-11-29
59,屏東,0.2,行政院環保署,2016-11-28
59,屏東,35.8,行政院環保署,2016-11-27
59,屏東,1.2,行政院環保署,2016-11-26
59,屏東,0,行政院環保署,2016-11-25
59,屏東,0,行政院環保署,2016-11-24
59,屏東,0.2,行政院環保署,2016-11-23
59,屏東,0.6,行政院環保署,2016-11-22
59,屏東,0,行政院環保署,2016-11-21
59,屏東,0.6,行政院環保署,2016-11-20
59,屏東,0,行政院環保署,2016-11-19
59,屏東,0.2,行政院環保署,2016-11-18
59,屏東,0,行政院環保署,2016-11-17
59,屏東,0,行政院環保署,2016-11-16
59,屏東,0,行政院環保署,2016-11-15
59,屏東,0,行政院環保署,2016-11-14
59,屏東,0,行政院環保署,2016-11-13
59,屏東,0,行政院環保署,2016-11-12
59,屏東,0,行政院環保署,2016-11-11
59,屏東,0,行政院環保署,2016-11-10
59,屏東,0,行政院環保署,2016-11-9
59,屏東,0,行政院環保署,2016-11-8
59,屏東,0,行政院環保署,2016-11-7
59,屏東,0,行政院環保署,2016-11-6
59,屏東,0,行政院環保署,2016-11-5
59,屏東,0,行政院環保署,2016-11-4
59,屏東,0,行政院環保署,2016-11-3
59,屏東,0,行政院環保署,2016-11-2
59,屏東,0,行政院環保署,2016-11-1
58,小港,0.2,行政院環保署,2016-11-30
58,小港,0.4,行政院環保署,2016-11-29
58,小港,0,行政院環保署,2016-11-28
58,小港,54.8,行政院環保署,2016-11-27
58,小港,0.8,行政院環保署,2016-11-26
58,小港,0,行政院環保署,2016-11-25
58,小港,0,行政院環保署,2016-11-24
58,小港,0,行政院環保署,2016-11-23
58,小港,2,行政院環保署,2016-11-22
58,小港,0,行政院環保署,2016-11-21
58,小港,0,行政院環保署,2016-11-20
58,小港,0,行政院環保署,2016-11-19
58,小港,0,行政院環保署,2016-11-18
58,小港,0,行政院環保署,2016-11-17
58,小港,0,行政院環保署,2016-11-16
58,小港,0,行政院環保署,2016-11-15
58,小港,0,行政院環保署,2016-11-14
58,小港,0,行政院環保署,2016-11-13
58,小港,0,行政院環保署,2016-11-12
58,小港,0,行政院環保署,2016-11-11
58,小港,0,行政院環保署,2016-11-10
58,小港,0,行政院環保署,2016-11-9
58,小港,0,行政院環保署,2016-11-8
58,小港,0,行政院環保署,2016-11-7
58,小港,0,行政院環保署,2016-11-6
58,小港,0,行政院環保署,2016-11-5
58,小港,0,行政院環保署,2016-11-4
58,小港,0,行政院環保署,2016-11-3
58,小港,0,行政院環保署,2016-11-2
58,小港,0,行政院環保署,2016-11-1
57,前鎮,0.6,行政院環保署,2016-11-30
57,前鎮,0,行政院環保署,2016-11-29
57,前鎮,0.2,行政院環保署,2016-11-28
57,前鎮,54.6,行政院環保署,2016-11-27
57,前鎮,0.6,行政院環保署,2016-11-26
57,前鎮,0,行政院環保署,2016-11-25
57,前鎮,0,行政院環保署,2016-11-24
57,前鎮,0.2,行政院環保署,2016-11-23
57,前鎮,1.2,行政院環保署,2016-11-22
57,前鎮,0,行政院環保署,2016-11-21
57,前鎮,0.2,行政院環保署,2016-11-20
57,前鎮,0,行政院環保署,2016-11-19
57,前鎮,0.4,行政院環保署,2016-11-18
57,前鎮,0,行政院環保署,2016-11-17
57,前鎮,0,行政院環保署,2016-11-16
57,前鎮,0,行政院環保署,2016-11-15
57,前鎮,0,行政院環保署,2016-11-14
57,前鎮,0,行政院環保署,2016-11-13
57,前鎮,0,行政院環保署,2016-11-12
57,前鎮,0,行政院環保署,2016-11-11
57,前鎮,0,行政院環保署,2016-11-10
57,前鎮,0,行政院環保署,2016-11-9
57,前鎮,0,行政院環保署,2016-11-8
57,前鎮,0,行政院環保署,2016-11-7
57,前鎮,0,行政院環保署,2016-11-6
57,前鎮,0,行政院環保署,2016-11-5
57,前鎮,0,行政院環保署,2016-11-4
57,前鎮,0,行政院環保署,2016-11-3
57,前鎮,0,行政院環保署,2016-11-2
57,前鎮,0,行政院環保署,2016-11-1
56,前金,0,行政院環保署,2016-11-30
56,前金,0,行政院環保署,2016-11-29
56,前金,0,行政院環保署,2016-11-28
56,前金,49.4,行政院環保署,2016-11-27
56,前金,0.8,行政院環保署,2016-11-26
56,前金,0,行政院環保署,2016-11-25
56,前金,0,行政院環保署,2016-11-24
56,前金,0,行政院環保署,2016-11-23
56,前金,1,行政院環保署,2016-11-22
56,前金,0,行政院環保署,2016-11-21
56,前金,0.2,行政院環保署,2016-11-20
56,前金,0,行政院環保署,2016-11-19
56,前金,0.2,行政院環保署,2016-11-18
56,前金,0,行政院環保署,2016-11-17
56,前金,0,行政院環保署,2016-11-16
56,前金,0,行政院環保署,2016-11-15
56,前金,0,行政院環保署,2016-11-14
56,前金,0,行政院環保署,2016-11-13
56,前金,0,行政院環保署,2016-11-12
56,前金,0,行政院環保署,2016-11-11
56,前金,0,行政院環保署,2016-11-10
56,前金,0,行政院環保署,2016-11-9
56,前金,0,行政院環保署,2016-11-8
56,前金,0,行政院環保署,2016-11-7
56,前金,0,行政院環保署,2016-11-6
56,前金,0,行政院環保署,2016-11-5
56,前金,0,行政院環保署,2016-11-4
56,前金,0,行政院環保署,2016-11-3
56,前金,0,行政院環保署,2016-11-2
56,前金,0,行政院環保署,2016-11-1
54,左營,0,行政院環保署,2016-11-30
54,左營,0,行政院環保署,2016-11-29
54,左營,0,行政院環保署,2016-11-28
54,左營,44,行政院環保署,2016-11-27
54,左營,0.2,行政院環保署,2016-11-26
54,左營,0,行政院環保署,2016-11-25
54,左營,0,行政院環保署,2016-11-24
54,左營,0.2,行政院環保署,2016-11-23
54,左營,0.8,行政院環保署,2016-11-22
54,左營,0,行政院環保署,2016-11-21
54,左營,0.8,行政院環保署,2016-11-20
54,左營,0,行政院環保署,2016-11-19
54,左營,0.2,行政院環保署,2016-11-18
54,左營,0,行政院環保署,2016-11-17
54,左營,0,行政院環保署,2016-11-16
54,左營,0,行政院環保署,2016-11-15
54,左營,0,行政院環保署,2016-11-14
54,左營,0,行政院環保署,2016-11-13
54,左營,0,行政院環保署,2016-11-12
54,左營,0,行政院環保署,2016-11-11
54,左營,0,行政院環保署,2016-11-10
54,左營,0,行政院環保署,2016-11-9
54,左營,0,行政院環保署,2016-11-8
54,左營,0,行政院環保署,2016-11-7
54,左營,0,行政院環保署,2016-11-6
54,左營,0,行政院環保署,2016-11-5
54,左營,0,行政院環保署,2016-11-4
54,左營,0,行政院環保署,2016-11-3
54,左營,0,行政院環保署,2016-11-2
54,左營,0,行政院環保署,2016-11-1
53,楠梓,0,行政院環保署,2016-11-30
53,楠梓,0,行政院環保署,2016-11-29
53,楠梓,0.2,行政院環保署,2016-11-28
53,楠梓,43.8,行政院環保署,2016-11-27
53,楠梓,0.6,行政院環保署,2016-11-26
53,楠梓,0,行政院環保署,2016-11-25
53,楠梓,0,行政院環保署,2016-11-24
53,楠梓,0.2,行政院環保署,2016-11-23
53,楠梓,1.4,行政院環保署,2016-11-22
53,楠梓,0,行政院環保署,2016-11-21
53,楠梓,1.4,行政院環保署,2016-11-20
53,楠梓,0,行政院環保署,2016-11-19
53,楠梓,0,行政院環保署,2016-11-18
53,楠梓,0,行政院環保署,2016-11-17
53,楠梓,0,行政院環保署,2016-11-16
53,楠梓,0.2,行政院環保署,2016-11-15
53,楠梓,0,行政院環保署,2016-11-14
53,楠梓,0,行政院環保署,2016-11-13
53,楠梓,0,行政院環保署,2016-11-12
53,楠梓,0,行政院環保署,2016-11-11
53,楠梓,0,行政院環保署,2016-11-10
53,楠梓,0,行政院環保署,2016-11-9
53,楠梓,0,行政院環保署,2016-11-8
53,楠梓,0,行政院環保署,2016-11-7
53,楠梓,0,行政院環保署,2016-11-6
53,楠梓,0,行政院環保署,2016-11-5
53,楠梓,0,行政院環保署,2016-11-4
53,楠梓,0,行政院環保署,2016-11-3
53,楠梓,0,行政院環保署,2016-11-2
53,楠梓,0,行政院環保署,2016-11-1
52,林園,0,行政院環保署,2016-11-30
52,林園,0,行政院環保署,2016-11-29
52,林園,0,行政院環保署,2016-11-28
52,林園,51.8,行政院環保署,2016-11-27
52,林園,2,行政院環保署,2016-11-26
52,林園,0,行政院環保署,2016-11-25
52,林園,0,行政院環保署,2016-11-24
52,林園,1.8,行政院環保署,2016-11-23
52,林園,0.4,行政院環保署,2016-11-22
52,林園,0,行政院環保署,2016-11-21
52,林園,0.2,行政院環保署,2016-11-20
52,林園,0,行政院環保署,2016-11-19
52,林園,0,行政院環保署,2016-11-18
52,林園,0,行政院環保署,2016-11-17
52,林園,0,行政院環保署,2016-11-16
52,林園,0,行政院環保署,2016-11-15
52,林園,0,行政院環保署,2016-11-14
52,林園,0,行政院環保署,2016-11-13
52,林園,0,行政院環保署,2016-11-12
52,林園,0,行政院環保署,2016-11-11
52,林園,0,行政院環保署,2016-11-10
52,林園,0,行政院環保署,2016-11-9
52,林園,0,行政院環保署,2016-11-8
52,林園,0,行政院環保署,2016-11-7
52,林園,0,行政院環保署,2016-11-6
52,林園,0,行政院環保署,2016-11-5
52,林園,0,行政院環保署,2016-11-4
52,林園,0,行政院環保署,2016-11-3
52,林園,0,行政院環保署,2016-11-2
52,林園,0,行政院環保署,2016-11-1
51,大寮,0,行政院環保署,2016-11-30
51,大寮,0,行政院環保署,2016-11-29
51,大寮,0.2,行政院環保署,2016-11-28
51,大寮,54.2,行政院環保署,2016-11-27
51,大寮,0.8,行政院環保署,2016-11-26
51,大寮,0,行政院環保署,2016-11-25
51,大寮,0,行政院環保署,2016-11-24
51,大寮,0.4,行政院環保署,2016-11-23
51,大寮,0.8,行政院環保署,2016-11-22
51,大寮,0,行政院環保署,2016-11-21
51,大寮,0.2,行政院環保署,2016-11-20
51,大寮,0,行政院環保署,2016-11-19
51,大寮,0,行政院環保署,2016-11-18
51,大寮,0,行政院環保署,2016-11-17
51,大寮,0,行政院環保署,2016-11-16
51,大寮,0,行政院環保署,2016-11-15
51,大寮,0,行政院環保署,2016-11-14
51,大寮,0,行政院環保署,2016-11-13
51,大寮,0,行政院環保署,2016-11-12
51,大寮,0,行政院環保署,2016-11-11
51,大寮,0,行政院環保署,2016-11-10
51,大寮,0,行政院環保署,2016-11-9
51,大寮,0,行政院環保署,2016-11-8
51,大寮,0,行政院環保署,2016-11-7
51,大寮,0,行政院環保署,2016-11-6
51,大寮,0,行政院環保署,2016-11-5
51,大寮,0,行政院環保署,2016-11-4
51,大寮,0,行政院環保署,2016-11-3
51,大寮,0,行政院環保署,2016-11-2
51,大寮,0,行政院環保署,2016-11-1
50,鳳山,0,行政院環保署,2016-11-30
50,鳳山,0,行政院環保署,2016-11-29
50,鳳山,0,行政院環保署,2016-11-28
50,鳳山,54.2,行政院環保署,2016-11-27
50,鳳山,0.2,行政院環保署,2016-11-26
50,鳳山,0,行政院環保署,2016-11-25
50,鳳山,0,行政院環保署,2016-11-24
50,鳳山,0.2,行政院環保署,2016-11-23
50,鳳山,1,行政院環保署,2016-11-22
50,鳳山,0,行政院環保署,2016-11-21
50,鳳山,0,行政院環保署,2016-11-20
50,鳳山,0,行政院環保署,2016-11-19
50,鳳山,0,行政院環保署,2016-11-18
50,鳳山,0,行政院環保署,2016-11-17
50,鳳山,0,行政院環保署,2016-11-16
50,鳳山,0,行政院環保署,2016-11-15
50,鳳山,0,行政院環保署,2016-11-14
50,鳳山,0,行政院環保署,2016-11-13
50,鳳山,0,行政院環保署,2016-11-12
50,鳳山,0,行政院環保署,2016-11-11
50,鳳山,0,行政院環保署,2016-11-10
50,鳳山,0,行政院環保署,2016-11-9
50,鳳山,0,行政院環保署,2016-11-8
50,鳳山,0,行政院環保署,2016-11-7
50,鳳山,0,行政院環保署,2016-11-6
50,鳳山,0,行政院環保署,2016-11-5
50,鳳山,0,行政院環保署,2016-11-4
50,鳳山,0,行政院環保署,2016-11-3
50,鳳山,0,行政院環保署,2016-11-2
50,鳳山,0,行政院環保署,2016-11-1
49,仁武,0,行政院環保署,2016-11-30
49,仁武,0,行政院環保署,2016-11-29
49,仁武,0.2,行政院環保署,2016-11-28
49,仁武,47.6,行政院環保署,2016-11-27
49,仁武,0.4,行政院環保署,2016-11-26
49,仁武,0,行政院環保署,2016-11-25
49,仁武,0,行政院環保署,2016-11-24
49,仁武,0,行政院環保署,2016-11-23
49,仁武,1,行政院環保署,2016-11-22
49,仁武,0,行政院環保署,2016-11-21
49,仁武,1,行政院環保署,2016-11-20
49,仁武,0,行政院環保署,2016-11-19
49,仁武,0.2,行政院環保署,2016-11-18
49,仁武,0,行政院環保署,2016-11-17
49,仁武,0,行政院環保署,2016-11-16
49,仁武,0,行政院環保署,2016-11-15
49,仁武,0,行政院環保署,2016-11-14
49,仁武,0,行政院環保署,2016-11-13
49,仁武,0,行政院環保署,2016-11-12
49,仁武,0,行政院環保署,2016-11-11
49,仁武,0,行政院環保署,2016-11-10
49,仁武,0,行政院環保署,2016-11-9
49,仁武,0,行政院環保署,2016-11-8
49,仁武,0,行政院環保署,2016-11-7
49,仁武,0,行政院環保署,2016-11-6
49,仁武,0,行政院環保署,2016-11-5
49,仁武,0,行政院環保署,2016-11-4
49,仁武,0,行政院環保署,2016-11-3
49,仁武,0,行政院環保署,2016-11-2
49,仁武,0,行政院環保署,2016-11-1
48,橋頭,0,行政院環保署,2016-11-30
48,橋頭,0,行政院環保署,2016-11-29
48,橋頭,0,行政院環保署,2016-11-28
48,橋頭,42.8,行政院環保署,2016-11-27
48,橋頭,0.8,行政院環保署,2016-11-26
48,橋頭,0,行政院環保署,2016-11-25
48,橋頭,0,行政院環保署,2016-11-24
48,橋頭,0.2,行政院環保署,2016-11-23
48,橋頭,1.2,行政院環保署,2016-11-22
48,橋頭,0,行政院環保署,2016-11-21
48,橋頭,0.8,行政院環保署,2016-11-20
48,橋頭,0,行政院環保署,2016-11-19
48,橋頭,0.2,行政院環保署,2016-11-18
48,橋頭,0,行政院環保署,2016-11-17
48,橋頭,0,行政院環保署,2016-11-16
48,橋頭,0,行政院環保署,2016-11-15
48,橋頭,0,行政院環保署,2016-11-14
48,橋頭,0,行政院環保署,2016-11-13
48,橋頭,0,行政院環保署,2016-11-12
48,橋頭,0,行政院環保署,2016-11-11
48,橋頭,0,行政院環保署,2016-11-10
48,橋頭,0,行政院環保署,2016-11-9
48,橋頭,0,行政院環保署,2016-11-8
48,橋頭,0,行政院環保署,2016-11-7
48,橋頭,0,行政院環保署,2016-11-6
48,橋頭,0,行政院環保署,2016-11-5
48,橋頭,0,行政院環保署,2016-11-4
48,橋頭,0,行政院環保署,2016-11-3
48,橋頭,0,行政院環保署,2016-11-2
48,橋頭,0,行政院環保署,2016-11-1
47,美濃,0,行政院環保署,2016-11-30
47,美濃,0.2,行政院環保署,2016-11-29
47,美濃,0.2,行政院環保署,2016-11-28
47,美濃,46,行政院環保署,2016-11-27
47,美濃,0.2,行政院環保署,2016-11-26
47,美濃,0,行政院環保署,2016-11-25
47,美濃,0,行政院環保署,2016-11-24
47,美濃,0.4,行政院環保署,2016-11-23
47,美濃,1,行政院環保署,2016-11-22
47,美濃,0,行政院環保署,2016-11-21
47,美濃,0.4,行政院環保署,2016-11-20
47,美濃,0,行政院環保署,2016-11-19
47,美濃,0,行政院環保署,2016-11-18
47,美濃,0,行政院環保署,2016-11-17
47,美濃,0,行政院環保署,2016-11-16
47,美濃,0,行政院環保署,2016-11-15
47,美濃,0,行政院環保署,2016-11-14
47,美濃,0,行政院環保署,2016-11-13
47,美濃,0,行政院環保署,2016-11-12
47,美濃,0,行政院環保署,2016-11-11
47,美濃,0,行政院環保署,2016-11-10
47,美濃,0,行政院環保署,2016-11-9
47,美濃,0,行政院環保署,2016-11-8
47,美濃,0,行政院環保署,2016-11-7
47,美濃,0,行政院環保署,2016-11-6
47,美濃,0,行政院環保署,2016-11-5
47,美濃,0,行政院環保署,2016-11-4
47,美濃,0,行政院環保署,2016-11-3
47,美濃,0,行政院環保署,2016-11-2
47,美濃,0,行政院環保署,2016-11-1
46,臺南,2.6,行政院環保署,2016-11-30
46,臺南,0,行政院環保署,2016-11-29
46,臺南,0,行政院環保署,2016-11-28
46,臺南,51.2,行政院環保署,2016-11-27
46,臺南,0,行政院環保署,2016-11-26
46,臺南,0,行政院環保署,2016-11-25
46,臺南,0,行政院環保署,2016-11-24
46,臺南,1.2,行政院環保署,2016-11-23
46,臺南,2,行政院環保署,2016-11-22
46,臺南,0,行政院環保署,2016-11-21
46,臺南,0,行政院環保署,2016-11-20
46,臺南,0,行政院環保署,2016-11-19
46,臺南,0,行政院環保署,2016-11-18
46,臺南,0,行政院環保署,2016-11-17
46,臺南,0,行政院環保署,2016-11-16
46,臺南,0,行政院環保署,2016-11-15
46,臺南,0,行政院環保署,2016-11-14
46,臺南,0,行政院環保署,2016-11-13
46,臺南,0,行政院環保署,2016-11-12
46,臺南,0,行政院環保署,2016-11-11
46,臺南,0,行政院環保署,2016-11-10
46,臺南,0,行政院環保署,2016-11-9
46,臺南,0,行政院環保署,2016-11-8
46,臺南,0,行政院環保署,2016-11-7
46,臺南,0,行政院環保署,2016-11-6
46,臺南,0,行政院環保署,2016-11-5
46,臺南,0,行政院環保署,2016-11-4
46,臺南,0,行政院環保署,2016-11-3
46,臺南,0,行政院環保署,2016-11-2
46,臺南,0,行政院環保署,2016-11-1
45,安南,2.8,行政院環保署,2016-11-30
45,安南,0.2,行政院環保署,2016-11-29
45,安南,0,行政院環保署,2016-11-28
45,安南,45.4,行政院環保署,2016-11-27
45,安南,0.2,行政院環保署,2016-11-26
45,安南,0,行政院環保署,2016-11-25
45,安南,0,行政院環保署,2016-11-24
45,安南,4.6,行政院環保署,2016-11-23
45,安南,2.2,行政院環保署,2016-11-22
45,安南,0,行政院環保署,2016-11-21
45,安南,0,行政院環保署,2016-11-20
45,安南,0,行政院環保署,2016-11-19
45,安南,0,行政院環保署,2016-11-18
45,安南,0,行政院環保署,2016-11-17
45,安南,0,行政院環保署,2016-11-16
45,安南,0,行政院環保署,2016-11-15
45,安南,0,行政院環保署,2016-11-14
45,安南,0,行政院環保署,2016-11-13
45,安南,0,行政院環保署,2016-11-12
45,安南,0,行政院環保署,2016-11-11
45,安南,0,行政院環保署,2016-11-10
45,安南,0,行政院環保署,2016-11-9
45,安南,0,行政院環保署,2016-11-8
45,安南,0,行政院環保署,2016-11-7
45,安南,0,行政院環保署,2016-11-6
45,安南,0,行政院環保署,2016-11-5
45,安南,0,行政院環保署,2016-11-4
45,安南,0,行政院環保署,2016-11-3
45,安南,0,行政院環保署,2016-11-2
45,安南,0,行政院環保署,2016-11-1
44,善化,4.4,行政院環保署,2016-11-30
44,善化,0,行政院環保署,2016-11-29
44,善化,0,行政院環保署,2016-11-28
44,善化,47,行政院環保署,2016-11-27
44,善化,0,行政院環保署,2016-11-26
44,善化,0,行政院環保署,2016-11-25
44,善化,0,行政院環保署,2016-11-24
44,善化,3.4,行政院環保署,2016-11-23
44,善化,2.6,行政院環保署,2016-11-22
44,善化,0,行政院環保署,2016-11-21
44,善化,0,行政院環保署,2016-11-20
44,善化,0,行政院環保署,2016-11-19
44,善化,0,行政院環保署,2016-11-18
44,善化,0,行政院環保署,2016-11-17
44,善化,0,行政院環保署,2016-11-16
44,善化,0,行政院環保署,2016-11-15
44,善化,0,行政院環保署,2016-11-14
44,善化,0,行政院環保署,2016-11-13
44,善化,0,行政院環保署,2016-11-12
44,善化,0,行政院環保署,2016-11-11
44,善化,0,行政院環保署,2016-11-10
44,善化,0,行政院環保署,2016-11-9
44,善化,0,行政院環保署,2016-11-8
44,善化,0,行政院環保署,2016-11-7
44,善化,0,行政院環保署,2016-11-6
44,善化,0,行政院環保署,2016-11-5
44,善化,0,行政院環保署,2016-11-4
44,善化,0,行政院環保署,2016-11-3
44,善化,0,行政院環保署,2016-11-2
44,善化,0,行政院環保署,2016-11-1
43,新營,1,行政院環保署,2016-11-30
43,新營,0,行政院環保署,2016-11-29
43,新營,0,行政院環保署,2016-11-28
43,新營,26.4,行政院環保署,2016-11-27
43,新營,0.2,行政院環保署,2016-11-26
43,新營,0,行政院環保署,2016-11-25
43,新營,0,行政院環保署,2016-11-24
43,新營,18.2,行政院環保署,2016-11-23
43,新營,1.8,行政院環保署,2016-11-22
43,新營,0,行政院環保署,2016-11-21
